Product Title,Regular Price,Discount Price,Product Page URL,Add to cart URL
Acer A315-23-A7KD,17.590 ден,,,?add-to-cart=21494
Acer A315-23-R5P2,27.490 ден,,,?add-to-cart=21510
ACER Aspire 1 A115-22,18.999 ден,15.999 ден,,?add-to-cart=20826
Acer Aspire 3 A315-23-R26A,29.990 ден,,,?add-to-cart=21516
Acer Aspire 3 A315-58-33WK,24.490 ден,,,?add-to-cart=21498
Acer Aspire 3 A315-58-33WK,25.990 ден,,,?add-to-cart=21506
ACER Aspire 5 (A515-56-35KA),23.990 ден,,,?add-to-cart=21693
ACER ASPIRE 5 A515-45,29.990 ден,,,?add-to-cart=21523
Acer Aspire 5 A515-45-R07Y Silver,24.990 ден,,,?add-to-cart=21501
Acer Aspire 5 A515-45-R1FG,36.990 ден,,,?add-to-cart=18324
Acer Aspire 5 A515-56,42.490 ден,,,?add-to-cart=18498
Acer Aspire 5 A515-56-3456 Silver,23.990 ден,,,?add-to-cart=21690
"ACER Aspire 7 (A715-41G-R24S), Black",42.990 ден,,,?add-to-cart=21695
Acer Aspire 7 A715-42G-R16C,54.490 ден,48.490 ден,,?add-to-cart=18506
ACER ED270RPBIIPX 27′ LED VA FHD,14.490 ден,,,?add-to-cart=21728
ACER ED273BBMIIX 27′ LED VA FHD,11.990 ден,,,?add-to-cart=21734
ACER ED323QURABIDPX 32” LED VA WQHD,20.990 ден,,,?add-to-cart=21737
ACER K272HLEbid 27” LED VA FHD,9.690 ден,,,?add-to-cart=21743
"ACER LED 19.5”, V206HQLAB, Wide",5.290 ден,,,?add-to-cart=21750
"ACER LED, 21.5” V226HQLBbi",6.290 ден,,,?add-to-cart=21755
ACER Nitro 5 (AN515-57-53A7),51.990 ден,,,?add-to-cart=21706
Acer Nitro 5 (AN515-57-53AE),47.990 ден,,,?add-to-cart=21716
Acer Nitro 5 (AN515-57-76C9),60.990 ден,,,?add-to-cart=21718
Acer Nitro 5 Gaming AN515-45,71.990 ден,,,?add-to-cart=21406
Acer Nitro 5 Gaming AN515-45,66.990 ден,,,?add-to-cart=21410
Acer Nitro 5 Gaming AN517-41,73.990 ден,,,?add-to-cart=21316
"ACER Nitro KG272UBMIIPX, 27″ LED IPS WQHD",16.990 ден,,,?add-to-cart=21758
Acer Nitro N50-640,64.990 ден,,,?add-to-cart=21720
ACER NITRO N50-640,82.990 ден,,,?add-to-cart=21726
"ACER Nitro VG240YBMIIX, 24″ LED IPS FHD",10.490 ден,,,?add-to-cart=21764
"ACER Nitro VG270BMIIX, 27″ LED IPS FHD",12.990 ден,,,?add-to-cart=21771
Acer Predator Helios 300 PH315-54,67.990 ден,,,?add-to-cart=21392
ACER Predator Helios 300 PH315-54-732Y,103.990 ден,,,?add-to-cart=21403
Acer Predator Helios 300 PH315-54-75YK,83.990 ден,,,?add-to-cart=21401
Acer Predator Helios 300 PH315-54-945Y,96.990 ден,,,?add-to-cart=21398
Acer Predator Helios 300 PH315-54-949Y,89.990 ден,,,?add-to-cart=21396
ACER Predator Helios 300 PH317-55-962G,114.990 ден,,,?add-to-cart=21412
Acer Swift 3 SF314-43,31.990 ден,,,?add-to-cart=21528
Acer Swift 3 SF314-43,34.990 ден,,,?add-to-cart=21536
ACER Swift 3 SF314-511-56XT ( Silver ),29.990 ден,,,?add-to-cart=20829
"Acer Swift 3 SF314-511-56XT, Silver",39.990 ден,,,?add-to-cart=21702
Apple iPad 2020 32GB WiFi Space Gray,27.990 ден,,,?add-to-cart=17828
Apple iPad Air (2020) 64GB 4GB RAM,39.590 ден,,,?add-to-cart=18811
Apple iPad Air 2020 WIFI only 256GB blue,51.990 ден,,,?add-to-cart=17834
Apple iPad Pro 11 (2021) 128GB 8GB RAM,63.990 ден,,,?add-to-cart=21013
Apple iPad Pro 12.9 (2021) 128GB 8GB RAM,91.000 ден,,,?add-to-cart=18701
Apple iPhone 11 128GB 4GB RAM,42.990 ден,,,?add-to-cart=18937
Apple iPhone 11 64GB 4GB RAM,38.990 ден,31.990 ден,,?add-to-cart=18562
Apple iPhone 12 128GB 4GB RAM,49.990 ден,,,?add-to-cart=20023
Apple iPhone 12 64GB 4GB RAM,39.990 ден,,,?add-to-cart=18640
Apple iPhone 12 mini 128GB 4GB RAM,39.990 ден,,,?add-to-cart=20449
Apple iPhone 13 128GB 4GB RAM,53.990 ден,47.990 ден,,?add-to-cart=18520
Apple iPhone 13 256GB 4GB RAM,60.190 ден,,,?add-to-cart=20019
Apple iPhone 13 mini 128GB 4GB,48.990 ден,45.990 ден,,?add-to-cart=18661
Apple iPhone 13 Pro 128GB 6GB RAM,66.990 ден,,,?add-to-cart=18526
Apple iPhone 13 Pro 256GB 6GB RAM,78.090 ден,,,?add-to-cart=20015
Apple iPhone 13 Pro Max 128GB 6GB RAM,75.990 ден,,,?add-to-cart=18555
Apple iPhone 13 Pro Max 256GB 6GB RAM,84.290 ден,,,?add-to-cart=18924
Apple iPhone 14 128GB 6GB RAM,59.990 ден,54.990 ден,,?add-to-cart=22870
Apple iPhone 14 Plus 128GB 6GB RAM,59.990 ден,,,?add-to-cart=22878
Apple iPhone 14 Pro 128GB 6GB RAM,89.990 ден,79.990 ден,,?add-to-cart=22884
Apple iPhone 14 Pro Max 128GB 6GB RAM,89.990 ден,84.990 ден,,?add-to-cart=22891
Apple iPhone 14 Pro Max 256GB 6GB RAM,105.000 ден,96.990 ден,,?add-to-cart=23600
Apple iPhone SE 128GB 3GB RAM,29.690 ден,,,?add-to-cart=18691
Apple iPhone SE 64GB 3GB RAM,32.990 ден,,,?add-to-cart=18945
Apple Watch Series 7,28.990 ден,,,?add-to-cart=19657
Asus E410MA,10.990 ден,,,?add-to-cart=22702
ASUS ROG GL531GT-XS53,44.990 ден,,,?add-to-cart=20931
Asus ROG Strix G15 Advantage Edition G513,112.990 ден,,,?add-to-cart=21336
Asus TUF Gaming F15 FX506LH,39.990 ден,,,?add-to-cart=21950
ASUS TUF Gaming F17 FX706HEB,59.990 ден,,,?add-to-cart=20967
ASUS TUF Gaming NVIDIA GeForce RTX 3070 V2 OC Edition Video Card,75.990 ден,,,?add-to-cart=17873
"DELL 23,8″ P2421D IPS LED-backlit LCD monitor",16.590 ден,,,?add-to-cart=17338
DELL AW2521HFLA 24.5″ FHD,20.490 ден,,,?add-to-cart=17415
DELL AW2721D 27″ QHD 2560 x 1440,39.990 ден,,,?add-to-cart=17422
DELL Curved S2422HG 23.6″ VA LED-backlit LCD,16.590 ден,,,?add-to-cart=17393
Dell G15 5511 Gaming Laptop,104.990 ден,,,?add-to-cart=21340
DELL Monitor E2222HS  21.5″ VA,9.490 ден,,,?add-to-cart=17118
"DELL Monitor E2420HS, 23.8″ IPS Led AG",11.690 ден,,,?add-to-cart=17253
"DELL Monitor E2720H, 27.0″",11.990 ден,,,?add-to-cart=17271
DELL Monitor E2720HS 27.0″,12.290 ден,,,?add-to-cart=17260
"DELL Monitor P2222H, 22” Full HD",12.290 ден,,,?add-to-cart=17317
"DELL Monitor S2721HS, 27″, IPS LED-backlit LCD",14.490 ден,,,?add-to-cart=17291
DELL Monitor SE2422H 23.8″,8.890 ден,,,?add-to-cart=17277
"DELL Monitor SE2722H, 27″ VA LED-backlit LCD",10.990 ден,,,?add-to-cart=17283
"DELL Monitor Video Conferencing S2422HZ, 24″ IPS LED-backlit LCD",20.990 ден,,,?add-to-cart=17301
"DELL Monitor Video Conferencing S2722DZ, 27″ IPS WLED-backlit LCD",27.590 ден,,,?add-to-cart=17310
"DELL NB Latitude 5420,11th.Gen.Intel Core i5-1145G7(4 Core,8M cache,2.6GHz to 4.4GHz,vPro),14.0″ FHD(1920×1080)AG 250nits,16GB DDR4 non-ECC Memory,512GB M.2 PCIe NVMe Class 35 SSD,Intel Iris Xe Graphics,TB4,Wi-Fi6,BT5.1,Bckl Kb,4Cell,Win10Pro,3Y",71.990 ден,,,?add-to-cart=23124
"DELL NB Latitude 5420,11th.Gen.Intel Core i5-1145G7(4 Core,8M cache,2.6GHz to 4.4GHz,vPro),14.0″ FHD(1920×1080)AG 250nits,16GB DDR4 non-ECC Memory,512GB M.2 PCIe NVMe Class 35 SSD,Intel Iris Xe Graphics,TB4,Wireless,BT5.1,Bkl Kb,FP,4Cell,Ubuntu,3Y",62.990 ден,,,?add-to-cart=23132
"DELL NB Latitude 5430, 12th Gen. Intel i7-1255U(10C/12T/12MB/1.7GHz to 4.7GHz), 14″ FHD(1920×1080)AG WVA 250nits, 16GB(1x16GB) DDR4 3200MHz, 512 M.2 PCIe NVMe SSD, Intel Iris Xe Graphics, AX211 WiFi6e 2×2 AX+BT 5.2, SCR, TB4, 4cell 58WHr, Ubuntu, 3Y",72.990 ден,,,?add-to-cart=23091
"DELL NB Latitude 5431, 12th Gen.Intel Core i7-1270P vPro(12C/16T/18MB/up to 4.8GHz), 14″ FHD (1920×1080) IPS AG 250nits, 16GB (1X16GB) DDR5 4800MHz, 512GB M.2 PCIe NVMe SSD, Intel Iris Xe Graphics,WiFi6e+BT5.2,FPR,SCR,Bckl kb,4Cell 64WHr,Win11Pro,3Y",87.990 ден,,,?add-to-cart=23080
"DELL NB Latitude 5520, 11th.Gen.Intel Core i5-1135G7(4 Core,8M cache,2.4GHz to 4.2GHz), 15.6″ FHD(1920×1080)AG 250nits, 8GB (1X8GB) DDR4 non-ECC, 256GB M.2 PCIe NVMe Class 35 SSD, Intel Iris Xe Graphics,TB4,SCR,Wireless,BT5.1,Bkl Kb,4Cell,Ubuntu,3Y",58.490 ден,,,?add-to-cart=23116
"DELL NB Latitude 5520, 11th.Gen.Intel Core i5-1145G7(4 Core,8M cache,2.6GHz to 4.4GHz,vPro), 15.6″ FHD(1920×1080)AG 250nits, 16GB DDR4 non-ECC, 512GB M.2 PCIe NVMe Class 35 SSD,Intel Iris Xe Graphics,TB4,FP,SCR,Wireless,BT5.1,Bckl Kb,4Cell,Ubuntu,3Y",63.990 ден,,,?add-to-cart=23107
"DELL NB Latitude 5520, 11th.Gen.Intel Core i5-1145G7(4 Core,8M cache,2.6GHz to 4.4GHz,vPro), 15.6″ FHD(1920×1080)AG 250nits, 16GB DDR4 non-ECC, 512GB M.2 PCIe NVMe Class 35 SSD,Intel Iris Xe Graphics,TB4,SCR,Wireless,BT5.1,Bckl Kb,4Cell,Win10Pro,3Y",71.990 ден,,,?add-to-cart=23099
"DELL NB Latitude 5531, 12th Gen. Intel Core i7-12800H vPro(14C/20T/24MB/up to 4.8GHz), 15.6″ FHD (1920×1080) IPS AG 250nits, 32GB (1X32GB) DDR5 4800MHz, 512GB M.2 PCIe NVMe SSD, Intel Iris Xe Graphics, WiFi6e+BT5.2, Bckl kb, 4Cell 64WHr, Win11Pro, 3Y",101.590 ден,,,?add-to-cart=23069
DELL P2422H 23.8″ IPS WLED-backlit LCD,13.290 ден,,,?add-to-cart=17325
DELL P2422HE 23.8″ IPS WLED-backlit LCD,16.590 ден,,,?add-to-cart=17331
DELL P2720D 27″ IPS WLED-backlit LCD monitor,18.890 ден,,,?add-to-cart=17353
DELL P2722H 27″ IPS WLED-backlit LCD monitor AG,15.999 ден,,,?add-to-cart=17347
"Dell PC Optiplex 3050 MT, Intel Core i3-7100",37.490 ден,,,?add-to-cart=17438
"Dell PC OptiPlex 3080 SFF, Intel Core i5-10505",40.890 ден,,,?add-to-cart=17444
"DELL PC OptiPlex 3090 SFF, Intel Core i5-10505",41.990 ден,,,?add-to-cart=23140
"DELL S2421HGF 23,8″ TN LED-backlit LCD",14.490 ден,,,?add-to-cart=17386
DELL S2522HG 24.5″ Fast IPS LED-backlit LCD,18.690 ден,,,?add-to-cart=17400
DELL S2721HGF 27″ VA LED-backlit LCD,17.590 ден,,,?add-to-cart=17407
"DELL U2421E 24,1″ IPS LED-backlit LCD",20.490 ден,,,?add-to-cart=17358
DELL U2422H 23.8″ IPS WLED-backlit LCD,16.590 ден,,,?add-to-cart=17366
DELL U2722D 27″ IPS LED-backlit LCD,29.990 ден,,,?add-to-cart=17373
DELL Vostro 3510,43.990 ден,,,?add-to-cart=21084
Epson L1110 Inkjet w/ Eco Tank System (CISS),8.190 ден,,,?add-to-cart=19879
Epson L1300 InkJet A3+ CISS System,32.350 ден,,,?add-to-cart=19983
Epson L14150 Inkjet A3+ MFP LAN/WiFI w/ EcoTank System (CISS),32.590 ден,,,?add-to-cart=19991
Epson L15160 MFP A3+ EcoTank System,67.190 ден,,,?add-to-cart=19999
Epson L1800 A3+ Photo CISS System,37.590 ден,,,?add-to-cart=19996
Epson L3211 Inkjet w/ Eco Tank System (CISS) MFP Printer,11.390 ден,,,?add-to-cart=19882
Epson L3251 Inkjet w/ Eco Tank System (CISS) MFP WiFi Direct,12.490 ден,,,?add-to-cart=19885
Epson L5290 Inkjet w/ INK Tank System (CISS) MFP Fax/WiFi/LAN,17.490 ден,,,?add-to-cart=19888
EPSON L805 Inkjet Photo w/ Ink Tank System (CISS),20.990 ден,,,?add-to-cart=19628
EPSON LQ-350+ kirilica,19.590 ден,,,?add-to-cart=19894
EPSON LX-350+ kirilica,18.990 ден,,,?add-to-cart=19891
EVGA GeForce GT 1030 SC 2GB 64-Bit GDDR5,10.990 ден,9.990 ден,,?add-to-cart=17841
Evolve III Maestro E-Book 11.6″,7.990 ден,,,?add-to-cart=20308
Gateway GWNC31514,19.990 ден,,,?add-to-cart=21184
Gateway GWTN156-11BK,12.990 ден,,,?add-to-cart=22713
Gigabyte GeForce RTX 3090 Turbo GDDR6X Graphics Card *High Hash Rate,199.900 ден,189.990 ден,,?add-to-cart=17896
GIGABYTE GeForce RTX™ 3080 GAMING OC 10G (rev. 2.0),117.900 ден,109.990 ден,,?add-to-cart=17886
Google Pixel 6 128GB 8GB RAM,47.990 ден,43.990 ден,,?add-to-cart=18625
Google Pixel 6 Pro 256GB 12GB,69.990 ден,,,?add-to-cart=18630
HP 14-DQ0031,12.990 ден,,,?add-to-cart=20957
HP 15-DW3138NIA,28.990 ден,,,?add-to-cart=21579
HP 15-dw3142nia,40.490 ден,,,?add-to-cart=21585
HP 15s-eq2382nia,32.990 ден,,,?add-to-cart=21582
HP 250 G8 2X7T8EA,18.990 ден,,,?add-to-cart=18333
"HP 250 G8, 2W8Z6EA",22.990 ден,,,?add-to-cart=21557
"HP 250 G8, 2X7W8EA",16.990 ден,,,?add-to-cart=21548
"HP 255 G8, 27K51EA",22.990 ден,,,?add-to-cart=18512
"HP 255 G8, 3V5K4EA",24.990 ден,,,?add-to-cart=21565
HP Color Laser 150a,10.580 ден,,,?add-to-cart=17631
HP ENVY 13-BA1053NN,55.990 ден,,,?add-to-cart=21591
HP ENVY X360 13-AY1007NN,59.990 ден,,,?add-to-cart=21598
HP Laptop 14-dq0001dx,13.990 ден,12.490 ден,,?add-to-cart=21192
HP LAPTOP 15S-FQ2002NIA,31.990 ден,,,?add-to-cart=21572
HP LAPTOP 15S-FQ2003NIA,29.990 ден,,,?add-to-cart=21575
HP Laptop 15s-fq3000na,21.990 ден,,,?add-to-cart=18348
HP Laptop 15s-fq3001na,17.990 ден,,,?add-to-cart=18341
HP LaserJet Pro M404dn,15.490 ден,,,?add-to-cart=17628
HP LaserJet Pro MFP M428fdw,28.790 ден,,,?add-to-cart=17734
"HP MLJ M236dw, 9YF95A мултифункциски ласерски принтер",11.990 ден,,,?add-to-cart=23298
HP P24 G4 23.8″ Full HD LCD Monitor,8.190 ден,,,?add-to-cart=21713
HP Pav Gaming Desktop TG01,44.990 ден,,,?add-to-cart=21785
HP PAV X360 14-DY1000NA,60.990 ден,,,?add-to-cart=21594
HP PAV X360 14-DY1005NA,46.990 ден,,,?add-to-cart=21588
HP Pavilion Gaming Laptop 15-dk2111nia,74.490 ден,,,?add-to-cart=21377
HP Printer Color LaserJet Pro MFP M283fdw,27.990 ден,,,?add-to-cart=17741
HP Printer LaserJet M211d,9.790 ден,,,?add-to-cart=17638
HP Printer LaserJet M211dw,10.690 ден,,,?add-to-cart=17649
HP Printer LaserJet Pro M404dw,17.890 ден,,,?add-to-cart=17658
HP Smart Tank 515 Wireless All-in-One,11.490 ден,,,?add-to-cart=23302
HP VICTUS 15-FA0031 Laptop Gaming,47.990 ден,,,?add-to-cart=21199
HP Victus Gaming Laptop 16-e0009nia,67.990 ден,,,?add-to-cart=21357
HP Victus Laptop 16-d0002nia,65.490 ден,,,?add-to-cart=21368
HP Victus Laptop 16-e0003nia,59.990 ден,,,?add-to-cart=21366
Huawei P50 Pocket 256GB 8GB RAM,89.690 ден,,,?add-to-cart=18790
Huawei P50 Pro 256GB 8GB RAM,71.990 ден,,,?add-to-cart=18794
Huawei Watch 3 Pro,27.990 ден,,,?add-to-cart=19661
Huawei Watch GT 3  4GB 32MB RAM,16.990 ден,,,?add-to-cart=19646
Lenovo 100e Windows 2nd Gen 81M80035US 11.6″ Netbook,8.490 ден,,,?add-to-cart=22697
Lenovo 14w Gen 2,11.490 ден,,,?add-to-cart=20954
Lenovo 3 15ITL6 Core I3-1115G4,27.990 ден,,,?add-to-cart=20362
Lenovo IdeaCentre 3 PC DT 3 07IAB7,23.990 ден,,,?add-to-cart=21796
Lenovo IdeaCentre 5 PC DT 5 07IAB7,35.990 ден,,,?add-to-cart=21793
Lenovo IdeaPad 3 15ALC6,37.490 ден,,,?add-to-cart=21605
LENOVO IdeaPad 3 15ITL6,24.590 ден,,,?add-to-cart=21488
LENOVO IdeaPad 3 15ITL6 ( GRAY ),23.990 ден,,,?add-to-cart=21602
Lenovo IdeaPad Gaming 3 15ACH6,50.990 ден,,,?add-to-cart=21384
Lenovo IdeaPad Gaming 3 15IHU6,59.990 ден,,,?add-to-cart=21370
Lenovo Laptop IdeaPad 1,10.490 ден,,,?add-to-cart=22707
"LENOVO M10 (TB-X505L), WiFi/4G  GPS BT4.2, OctaCore, 10″ IPS HD 1280 x 800, 2GB, 32GB flash, 5MP cam +2MP front, MicroSD, MicroUSB, Android, Black",8.890 ден,,,?add-to-cart=16551
"LENOVO M10 HD (2nd Gen),WiFi  GPS BT5.0, OctaCore, 10″ IPS HD 1280 x 800, 4GB, 64GB flash, 8MP cam +5MP front, MicroSD, MicroUSB, Android, Iron Grey",9.590 ден,,,?add-to-cart=16556
"LENOVO M10 HD (2nd Gen),WiFi/4G  GPS BT5.0, OctaCore, 10″ IPS HD 1280 x 800, 4GB, 64GB flash, 8MP cam +5MP front, MicroSD, MicroUSB, Android, Iron Grey",10.880 ден,,,?add-to-cart=16563
"LENOVO M8 (TB-8505X), Iron grey, WiFi, 4G LTE, GPS BT5.0, MediaTek Helio",7.490 ден,,,?add-to-cart=16544
MSGW GAMER I5-10400 GTX1660TI,53.690 ден,49.990 ден,,?add-to-cart=19868
MSGW I3-10100 RX550-4GB 256GB SSD/1TB,39.290 ден,,,?add-to-cart=19876
MSGW i3-10105 8GB 240GB SSD WIN10Home,23.190 ден,,,?add-to-cart=19858
MSGW i7-11700F RX6600XT 1TB SSD 2TB HDD,89.990 ден,86.990 ден,,?add-to-cart=19873
MSGW OFFICE 10100/8GB/SSD 256GB,17.490 ден,,,?add-to-cart=21638
MSGW OFFICE 10100/8GB/SSD 256GB,16.990 ден,,,?add-to-cart=21651
MSI GeForce RTX 3060 VENTUS 3X 12G OC,57.990 ден,56.990 ден,,?add-to-cart=17861
MSI GF63 Thin  Gaming,47.990 ден,,,?add-to-cart=21324
Nokia 106 (2018),1.490 ден,,,?add-to-cart=23539
Nokia 150 (2020),2.490 ден,,,?add-to-cart=23543
OnePlus 10 Pro 256GB 12GB RAM,55.990 ден,,,?add-to-cart=19320
OnePlus 9 5G 128GB 6GB RAM,35.990 ден,,,?add-to-cart=19008
OnePlus 9 Pro 256GB 8GB RAM,49.990 ден,,,?add-to-cart=20516
OnePlus Nord 256GB 12GB RAM,28.990 ден,,,?add-to-cart=20533
OnePlus Nord N10 128GB 6GB RAM,23.990 ден,,,?add-to-cart=20539
Oukitel C19 Pro,6.290 ден,,,?add-to-cart=24593
Oukitel C32,9.490 ден,,,?add-to-cart=24610
Oukitel WP20,8.490 ден,,,?add-to-cart=24634
Oukitel WP20 Pro,9.890 ден,,,?add-to-cart=24674
PC HP OMEN 25L GT12,81.490 ден,,,?add-to-cart=21788
RAZER Blade 17 Gaming,132.990 ден,,,?add-to-cart=21351
SAMSUNG A7 LITE 32GB,11.990 ден,,,?add-to-cart=17812
Samsung Galaxy A03 32GB 3GB RAM,8.990 ден,8.490 ден,,?add-to-cart=19178
Samsung Galaxy A03 64GB 4GB RAM,9.490 ден,,,?add-to-cart=22568
Samsung Galaxy A03 Core 32GB 2GB RAM,6.490 ден,,,?add-to-cart=22562
Samsung Galaxy A04s,8.490 ден,,,?add-to-cart=23878
Samsung Galaxy A12 64GB 4GB RAM,11.490 ден,,,?add-to-cart=18609
Samsung Galaxy A13 64GB 4GB RAM,14.290 ден,9.990 ден,,?add-to-cart=19060
SAMSUNG Galaxy A22 128GB 6GB RAM,18.490 ден,,,?add-to-cart=18881
Samsung Galaxy A22 5G 64GB 4GB RAM,15.290 ден,11.990 ден,,?add-to-cart=18965
Samsung Galaxy A23 5G 64GB 4GB RAM,12.990 ден,,,?add-to-cart=23749
Samsung Galaxy A23 64GB 4GB RAM,17.690 ден,,,?add-to-cart=19049
SAMSUNG Galaxy A32 128GB 4GB RAM,18.290 ден,13.990 ден,,?add-to-cart=18957
Samsung Galaxy A33 5G 128GB 6GB RAM,19.490 ден,17.990 ден,,?add-to-cart=21124
Samsung Galaxy A52 128GB 6GB RAM,19.490 ден,,,?add-to-cart=21135
Samsung Galaxy A52s 5G 128GB 6GB RAM,22.990 ден,19.990 ден,,?add-to-cart=18646
Samsung Galaxy A53 5G 128GB 6GB RAM,21.990 ден,,,?add-to-cart=19181
Samsung Galaxy A53 5G 128GB 8GB RAM,29.990 ден,,,?add-to-cart=19038
Samsung Galaxy A72 128GB 8GB RAM,29.190 ден,26.990 ден,,?add-to-cart=18763
Samsung Galaxy M32 128GB 6GB RAM,16.890 ден,15.990 ден,,?add-to-cart=18770
Samsung Galaxy M62 256GB 8GB RAM,25.390 ден,,,?add-to-cart=18972
Samsung Galaxy Note20 256GB 8GB RAM,48.990 ден,46.990 ден,,?add-to-cart=18745
Samsung Galaxy Note20 Ultra 5G 256GB 12GB RAM,59.990 ден,57.690 ден,,?add-to-cart=18754
Samsung Galaxy S20 FE 128GB 6GB RAM,26.990 ден,,,?add-to-cart=19156
Samsung Galaxy S20 FE 5G 128GB 8GB RAM,32.490 ден,,,?add-to-cart=18978
Samsung Galaxy S21 5G 128GB 8GB RAM,39.590 ден,,,?add-to-cart=21144
Samsung Galaxy S21 FE 5G 128GB 6GB RAM,33.990 ден,,,?add-to-cart=19166
Samsung Galaxy S21 FE 5G 128GB 8GB RAM,38.790 ден,,,?add-to-cart=18717
Samsung Galaxy S21 Ultra 5G 128GB 12GB RAM,60.490 ден,,,?add-to-cart=18736
Samsung Galaxy S21 Ultra 5G 256GB 12GB RAM,63.990 ден,,,?add-to-cart=20036
Samsung Galaxy S21+ 5G 128GB 8GB RAM,49.490 ден,,,?add-to-cart=18727
Samsung Galaxy S21+ 5G 256GB 8GB RAM,54.790 ден,,,?add-to-cart=19984
Samsung Galaxy S22 128GB 8GB RAM,57.990 ден,39.990 ден,,?add-to-cart=18530
Samsung Galaxy S22 Ultra 5G 128GB 8GB RAM,59.990 ден,,,?add-to-cart=23588
Samsung Galaxy S22 Ultra 5G 256GB 12GB RAM,63.990 ден,,,?add-to-cart=19906
Samsung Galaxy S22+ 5G 256GB 8GB RAM,67.990 ден,64.990 ден,,?add-to-cart=18570
Samsung Galaxy Tab S7 FE,38.690 ден,,,?add-to-cart=21838
Samsung Galaxy Tab S8 Ultra 128GB 8GB RAM,76.990 ден,,,?add-to-cart=20905
Samsung Galaxy Watch3  8GB 1GB RAM,13.990 ден,,,?add-to-cart=19638
Samsung Galaxy Watch4,15.990 ден,,,?add-to-cart=19673
Samsung Galaxy Z Flip3 5G 128GB 8GB RAM,49.990 ден,43.990 ден,,?add-to-cart=17530
Samsung Galaxy Z Flip4 256 GB 8GB RAM,56.990 ден,52.990 ден,,?add-to-cart=22550
Samsung Galaxy Z Fold3 5G 256GB 12GB RAM,84.990 ден,79.990 ден,,?add-to-cart=18991
Samsung Galaxy Z Fold4 256GB 12GB RAM,103.990 ден,85.990 ден,,?add-to-cart=22540
SAMSUNG M12 black  4GB/128 GB,12.990 ден,,,?add-to-cart=17510
Samsung S6 Lite WiFi only 128GB blue,23.990 ден,,,?add-to-cart=17821
Victus 15L Gaming DT TG02,79.990 ден,,,?add-to-cart=21781
Vivo X60 Pro 256GB 12GB RAM,36.990 ден,,,?add-to-cart=19331
Xiaomi 11T 128GB 8GB RAM,31.990 ден,29.990 ден,,?add-to-cart=18621
Xiaomi 11T Pro 128GB 8GB RAM,34.590 ден,,,?add-to-cart=19097
Xiaomi 12 256GB 8GB RAM,44.990 ден,,,?add-to-cart=19600
Xiaomi 12X  128GB 8GB RAM,38.990 ден,34.990 ден,,?add-to-cart=20849
XIAOMI Black Shark 4  8GB/128GB,33.490 ден,,,?add-to-cart=17568
Xiaomi Mi 10 5G 128GB 8GB RAM,31.990 ден,,,?add-to-cart=18826
Xiaomi Mi 10 Lite 5G 64GB 6GB RAM,19.890 ден,,,?add-to-cart=18870
Xiaomi Mi 10T Pro 5G 256GB 8GB RAM,34.290 ден,,,?add-to-cart=18851
Xiaomi Mi 11 Ultra 256GB 12GB RAM,61.990 ден,59.990 ден,,?add-to-cart=18616
Xiaomi Mi 9 Lite 64GB 4GB RAM,9.990 ден,,,?add-to-cart=19268
Xiaomi Pad 5 128GB 6GB RAM,32.290 ден,,,?add-to-cart=18861
Xiaomi Poco F3 128GB 6GB RAM,20.990 ден,,,?add-to-cart=19213
Xiaomi Poco F3 256GB 8GB RAM,26.990 ден,,,?add-to-cart=18842
Xiaomi Poco M4 Pro 5G 64GB 4GB RAM,13.990 ден,12.990 ден,,?add-to-cart=20475
Xiaomi Poco X3 NFC 128GB 6GB RAM,14.990 ден,,,?add-to-cart=19221
Xiaomi Poco X3 Pro 128GB 6GB RAM,15.990 ден,13.990 ден,,?add-to-cart=19232
Xiaomi Poco X3 Pro 128GB 8GB RAM,15.490 ден,,,?add-to-cart=22773
Xiaomi Redmi 9C NFC 32GB 2GB RAM,7.490 ден,,,?add-to-cart=19241
Xiaomi Redmi Note 10 128GB 6GB RAM,14.990 ден,,,?add-to-cart=20468
Xiaomi Redmi Note 10 Pro 128GB 6GB RAM,18.990 ден,14.990 ден,,?add-to-cart=20459
Xiaomi Redmi Note 11 64GB 4GB RAM,14.990 ден,13.990 ден,,?add-to-cart=18817
Xiaomi Redmi Note 11 64GB 4GB RAM,13.990 ден,,,?add-to-cart=19258
Xiaomi Redmi Note 11 Pro 128GB 6GB RAM,20.990 ден,,,?add-to-cart=19247
Xiaomi Redmi Note 11T 5G 128GB 6GB RAM,17.990 ден,,,?add-to-cart=19204
ZOTAC GAMING GeForce GTX 1650 OC GDDR6,23.990 ден,,,?add-to-cart=17849
24G2U5/BK 23.8″ IPS 75Hz 1920 x 1080,9.190 ден,,,?add-to-cart=12148
27V2Q 27″ IPS 75Hz 1920 x 1080,9.990 ден,,,?add-to-cart=12153
AOC 27G2U/BK 27″ IPS 144Hz 1920 x 1080,12.600 ден,,,?add-to-cart=12119
AOC C27G2U/BK 27″ Full HD VA FreeSync Premium 165Hz Curved Gaming Monitor,12.915 ден,,,?add-to-cart=12557
AOC C27G2ZE/BK 27″ VA 240Hz 1920 x 1080,15.890 ден,,,?add-to-cart=12221
AOC CQ27G2U/BK 27″ VA 144Hz 2560×1440,14.858 ден,,,?add-to-cart=12260
Bakeey Z19 SMART часовник,1.990 ден,,,?add-to-cart=11274
"Acer Aspire 3 A317-33, NX.A6TEX.00A",26.490 ден,,,?add-to-cart=17221
Acer Chromebook 11 CB311-9H-C4XC NX.HKFAA.007,11.990 ден,,,?add-to-cart=13124
Acer Nitro 5 AN515-55 NH.Q7MEX.00R,47.990 ден,,,?add-to-cart=17235
Acer Predator Triton 500 SE PT516-51s,107.990 ден,,,?add-to-cart=17241
"ACER Swift 1 (SF114-33-P3EE), Silver",25.990 ден,21.990 ден,,?add-to-cart=16939
"ACER Swift 1 (SF114-33-P629), Gold",27.990 ден,21.990 ден,,?add-to-cart=16946
"ACER SWiIFT 3, SF314-511-56XT, Silver, 14” FHD, Intel® Core™ i5-1135G7, 16G DDR4, 512GB SSD, 1xUSB Type-C / Thunderbolt™ 4, 1xUSB 3.2, Figerprint, Camera, HDMI,  BT, Linux",44.990 ден,,,?add-to-cart=16978
Asus VivoBook X413JA-211.VBWB,25.990 ден,19.990 ден,,?add-to-cart=12999
"DELL NB Latitude 5520, 11th Intel Core i5-1135G7 (4C/8T/8MB/2.4GHz), 15.6″ FHD (1920×1080) 250nits, 8GB DDR4, M.2 256GB PCIe NVMe, FPR Reader, SmartCard Reader, TB4, Cam+Mic, 4Cell 63WHr, 65W Type-C, AX201+BT5.1, WLAN/WWAN, Backlit kbd, Win10Pro, 3Y",62.690 ден,,,?add-to-cart=17156
"DELL NB Vostro 3515, AMD Ryzen™ 3 3250U (2 Core,4M cache,2.6GHz to 3.5GHz), 15.6″ FHD(1920×1080) WVA AG 220 nits, 8GB(1x8GB) DDR4, 256GB M.2 PCIe NVMe SSD, Integrated graphics with AMD APU, Wi-Fi, BT5.0, Bckl Kb, 3-Cell, Ubuntu 20.04, Carbon Black,3Y",27.990 ден,,,?add-to-cart=17066
"DELL NB Vostro 3515, AMD Ryzen™ 5 3450U (4 Core,4M cache,2.1GHz to 3.5GHz), 15.6″ FHD (1920×1080) WVA AG 220 nits, 8GB (1x8GB) DDR4, 512GB M.2 PCIe NVMe SSD, AMD Radeon Vega 8 Graphics, Wi-Fi, BT, 3cell 41WHr, Ubuntu 20.04, Carbon Black, 3Y",33.990 ден,,,?add-to-cart=17071
"HP Chromebook 11A-NB0013 11.6″ 4GB 32GB Intel Celeron N3350 X2 1.1GHz Chrome OS, Ash Gray",11.990 ден,10.990 ден,,?add-to-cart=16676
"HP NB OMEN 15-en0011nia, Ryzen 5-4600H hexa, 15.6” FHD Antiglare ultraslim IPS 144Hz Narrow Border, 8GB DDR4 2DM 3200, 512GB PCIe SSD, Nvidia GeForce 1650Ti 4GB, Win10 Home, Mica Silver, 3Y",65.390 ден,,,?add-to-cart=17202
"Tablet PC, Veidoo 10 Inch Android Tablet, 10.1 inch IPS Screen, Dual Camera, WiFi/GPS/OTG/Bluetooth, 3G Phone Call Dual SIM Card Slots, 2GB RAM, 32GB Storage, 5000mAh Battery",5.990 ден,5.290 ден,,?add-to-cart=13085
FS200 Mini Portable SSD – USB3.1,999 ден,2.490 ден,,https://clevershop.mk/product/fs200-mini-portable-ssd-usb3-1/
G2590FX 24.5″ TN 144Hz 1920 x 1080,11.490 ден,,,?add-to-cart=12166
HP 27″ 3WL54AA QHD 144 Hz 2560 x 1440,21.090 ден,,,?add-to-cart=12311
"HP OMEN X gaming display 25″, 4WH47AA",17.990 ден,,,?add-to-cart=12413
Lemfo LEM1995 SMART женска бразлетна,1.990 ден,,,?add-to-cart=11279
LG 27” QHD Ergo IPS Monitor with USB Type-C™,23.990 ден,,,?add-to-cart=12561
MON 15.6 AOC I1601FWUX,10.990 ден,,,?add-to-cart=12599
MON 24 ASUS VG249Q FHD IPS Gaming 144Hz HDMI DP FreeSync,14.990 ден,,,?add-to-cart=12590
"Acer ED270R 27″ Black 1920 x 1080 Widescreen 16:9 165Hz Refresh Rate AMD FreeSync Premium Technology, 2x HDMI, DisplayPort Curved LED Gaming Monitor",14.390 ден,,,?add-to-cart=17058
"Acer ED323QUR Abidpx 31.5 Inches WQHD (2560 x 1440) Curved 1800R VA Gaming Monitor with AMD Radeon FREESYNC Technology – 4ms; 144Hz Refresh Rate; Display Port, HDMI Port & DVI Port, Black",21.290 ден,,,?add-to-cart=17043
"Acer Nitro VG271U Pbmiipx 27″ WQHD (2560 x 1440) IPS AMD Radeon FREESYNC Gaming Monitor, 144Hz, VESA Certified Display HDR400, DCI-P3, (2 x HDMI 2.0 Ports & 1 x Display Port), Black",19.790 ден,,,?add-to-cart=17035
"ACER Nitro VG272SBMIIPX, 27″ LED IPS FHD, 165Hz, min 0,5ms (GtoG) 2x2W speakers Black",14.390 ден,,,?add-to-cart=17003
"ACER Nitro XV240Y Pbmiiprx 23.8″ LED IPS FHD, 165Hz, min 0,1ms (GtoG), 1000:1, 250nits",12.890 ден,,,?add-to-cart=17051
"ACER Nitro XV252QZBMIIPRX 24.5″ LED IPS FHD, up to 280Hz, min 0,5ms (GtoG) 1000:1 400nits HDMI DP Height adj. Pivot  Black",18.790 ден,,,?add-to-cart=17011
"ACER R270SI  27” LED IPS FHD, ZeroFrame, 1ms VRB, Flicker-less,1000:1, 250nits, HDMI, Black",9.890 ден,,,?add-to-cart=17019
"ACER V277BIP 27” LED IPS FHD, ZeroFrame, 4ms, Flicker-less,1000:1, 250nits, HDMI, DP, Black",9.390 ден,,,?add-to-cart=17026
MON 27 AOC AG273QCX,27.190 ден,,,?add-to-cart=12646
MON 27 LG 27GN850-B QHD IPS 1MS 144HZ HDMI,29.990 ден,,,?add-to-cart=12543
MON 27 Philips 272B7QUPBEB/00 with USB-C Dock,20.590 ден,,,?add-to-cart=12619
MON 27 Philips 272V8A/00,10.590 ден,,,?add-to-cart=12638
Monitor 27 Philips 272E1GAJ/00 VA 1ms 144Hz,12.890 ден,,,?add-to-cart=12618
Philips 24″ 243V7QDSB,8.390 ден,,,?add-to-cart=12396
Philips 27″ 278E1A/00 4K UHD IPS,18.990 ден,,,?add-to-cart=12218
Philips 279C9-00 MON LED 27″ 3840 x 2160 5Ms 60Hz 4K UHD,26.990 ден,,,?add-to-cart=12578
Xiaomi Redmi AirDots Wireless,990 ден,,,?add-to-cart=10663
